{
  "train_loss": [
    461.49591064453125,
    14.479607582092285,
    10.362848281860352,
    9.575227737426758,
    9.152884483337402
  ],
  "val_loss": [
    143.88343858403718,
    11.734950625631438,
    9.287379851399503,
    8.351239531784623,
    7.887204597117116
  ],
  "val_accuracy": [
    0.048386491087522535,
    0.06453722711796515,
    0.07502378329661526,
    0.08156106048467855,
    0.0921821800520729
  ],
  "steps": [
    0,
    100,
    200,
    300,
    400
  ],
  "time_per_step": [
    0.4023551940917969,
    0.058947086334228516,
    0.05344963073730469,
    0.047921180725097656,
    0.04722452163696289,
    0.04854440689086914,
    0.045816659927368164,
    0.04579639434814453,
    0.046803951263427734,
    0.04430222511291504,
    0.044342756271362305,
    0.05997729301452637,
    0.06183433532714844,
    0.059879302978515625,
    0.0726006031036377,
    0.0723261833190918,
    0.07252001762390137,
    0.0730447769165039,
    0.07852292060852051,
    0.07530522346496582,
    0.07531237602233887,
    0.07566976547241211,
    0.07477092742919922,
    0.07836580276489258,
    0.07504463195800781,
    0.07720637321472168,
    0.07732462882995605,
    0.07741045951843262,
    0.07934117317199707,
    0.07925891876220703,
    0.07562851905822754,
    0.07745933532714844,
    0.07704949378967285,
    0.07693958282470703,
    0.07478785514831543,
    0.07485723495483398,
    0.07459282875061035,
    0.07936716079711914,
    0.06872749328613281,
    0.07212686538696289,
    0.07219481468200684,
    0.07229375839233398,
    0.07222819328308105,
    0.0746147632598877,
    0.07517218589782715,
    0.07430624961853027,
    0.07265210151672363,
    0.07523226737976074,
    0.07507944107055664,
    0.07455778121948242,
    0.07462525367736816,
    0.07548975944519043,
    0.07527828216552734,
    0.07441401481628418,
    0.07483506202697754,
    0.07471704483032227,
    0.07507658004760742,
    0.07311105728149414,
    0.07458901405334473,
    0.07455158233642578,
    0.0747518539428711,
    0.07487988471984863,
    0.07376503944396973,
    0.07266974449157715,
    0.07423019409179688,
    0.07247400283813477,
    0.07423520088195801,
    0.07242155075073242,
    0.0705409049987793,
    0.07208967208862305,
    0.07250714302062988,
    0.07242679595947266,
    0.07371664047241211,
    0.0731654167175293,
    0.07264494895935059,
    0.07431411743164062,
    0.07254219055175781,
    0.07355690002441406,
    0.07283830642700195,
    0.07267642021179199,
    0.07265448570251465,
    0.07281064987182617,
    0.07233786582946777,
    0.0727543830871582,
    0.07236695289611816,
    0.06814098358154297,
    0.07241678237915039,
    0.07210850715637207,
    0.07858991622924805,
    0.07276105880737305,
    0.07211661338806152,
    0.07369756698608398,
    0.0722498893737793,
    0.07235527038574219,
    0.07223343849182129,
    0.07219195365905762,
    0.07254314422607422,
    0.07303977012634277,
    0.07436704635620117,
    0.07276558876037598,
    0.06113862991333008,
    0.057351112365722656,
    0.06647372245788574,
    0.05675506591796875,
    0.05904531478881836,
    0.0588228702545166,
    0.058870792388916016,
    0.058094024658203125,
    0.0607757568359375,
    0.07218742370605469,
    0.07188177108764648,
    0.07598614692687988,
    0.07509088516235352,
    0.0731043815612793,
    0.07420825958251953,
    0.0745096206665039,
    0.07272982597351074,
    0.07256054878234863,
    0.07224512100219727,
    0.07222962379455566,
    0.07242417335510254,
    0.07248497009277344,
    0.07462954521179199,
    0.07262778282165527,
    0.07494235038757324,
    0.07568788528442383,
    0.07512259483337402,
    0.07277727127075195,
    0.07255220413208008,
    0.07257795333862305,
    0.07214069366455078,
    0.0724494457244873,
    0.07451891899108887,
    0.07315874099731445,
    0.06900787353515625,
    0.07334041595458984,
    0.07230377197265625,
    0.07219195365905762,
    0.07276105880737305,
    0.07484626770019531,
    0.07317209243774414,
    0.07238078117370605,
    0.07232260704040527,
    0.07282161712646484,
    0.07279372215270996,
    0.07674098014831543,
    0.07690596580505371,
    0.07724523544311523,
    0.07467198371887207,
    0.07882189750671387,
    0.07505226135253906,
    0.07503795623779297,
    0.07505345344543457,
    0.07464313507080078,
    0.0747060775756836,
    0.0754401683807373,
    0.07750988006591797,
    0.07809066772460938,
    0.07532358169555664,
    0.07680130004882812,
    0.07489442825317383,
    0.07479166984558105,
    0.07490921020507812,
    0.07464766502380371,
    0.0749063491821289,
    0.07487821578979492,
    0.07687664031982422,
    0.0768897533416748,
    0.07565450668334961,
    0.07717514038085938,
    0.07733869552612305,
    0.07488250732421875,
    0.08571743965148926,
    0.07537531852722168,
    0.0744779109954834,
    0.07689309120178223,
    0.07465243339538574,
    0.07514238357543945,
    0.0751957893371582,
    0.07430863380432129,
    0.07905340194702148,
    0.07750487327575684,
    0.07769393920898438,
    0.07692503929138184,
    0.0767982006072998,
    0.07712769508361816,
    0.07712769508361816,
    0.07705092430114746,
    0.0748741626739502,
    0.07680916786193848,
    0.07517170906066895,
    0.07682013511657715,
    0.07715344429016113,
    0.0769948959350586,
    0.07754969596862793,
    0.07762575149536133,
    0.07784199714660645,
    0.07705807685852051,
    0.07691621780395508,
    0.07736063003540039,
    0.07682228088378906,
    0.0619049072265625,
    0.06400847434997559,
    0.0638275146484375,
    0.06310606002807617,
    0.06396055221557617,
    0.06427121162414551,
    0.06233072280883789,
    0.06371808052062988,
    0.07813048362731934,
    0.07645416259765625,
    0.0783088207244873,
    0.07667040824890137,
    0.07831454277038574,
    0.07705354690551758,
    0.077056884765625,
    0.07768964767456055,
    0.07706952095031738,
    0.07740616798400879,
    0.07725310325622559,
    0.0775144100189209,
    0.07718491554260254,
    0.07659292221069336,
    0.07723712921142578,
    0.0769655704498291,
    0.0769798755645752,
    0.07673287391662598,
    0.07716178894042969,
    0.07723760604858398,
    0.07766914367675781,
    0.07735157012939453,
    0.07720828056335449,
    0.07326960563659668,
    0.0770869255065918,
    0.07747030258178711,
    0.07722163200378418,
    0.07717132568359375,
    0.07485079765319824,
    0.07689619064331055,
    0.07705807685852051,
    0.07683444023132324,
    0.07720494270324707,
    0.07742977142333984,
    0.07504010200500488,
    0.07472610473632812,
    0.07733321189880371,
    0.07741165161132812,
    0.07458901405334473,
    0.07512044906616211,
    0.07711935043334961,
    0.07705807685852051,
    0.0798943042755127,
    0.07798147201538086,
    0.07707333564758301,
    0.07483577728271484,
    0.07495856285095215,
    0.07678556442260742,
    0.07692241668701172,
    0.0774991512298584,
    0.07513666152954102,
    0.07471752166748047,
    0.07753896713256836,
    0.07777523994445801,
    0.07689785957336426,
    0.07518696784973145,
    0.07728886604309082,
    0.07700443267822266,
    0.07708549499511719,
    0.07529234886169434,
    0.07639741897583008,
    0.07697486877441406,
    0.07563471794128418,
    0.07453656196594238,
    0.07680320739746094,
    0.07708621025085449,
    0.07925152778625488,
    0.08142733573913574,
    0.07822489738464355,
    0.07811260223388672,
    0.0747225284576416,
    0.07721948623657227,
    0.07695865631103516,
    0.0769507884979248,
    0.07679104804992676,
    0.07461047172546387,
    0.07463288307189941,
    0.07446146011352539,
    0.07455897331237793,
    0.07455229759216309,
    0.0767216682434082,
    0.0792531967163086,
    0.07733464241027832,
    0.07481265068054199,
    0.07494091987609863,
    0.07434320449829102,
    0.07466554641723633,
    0.07466006278991699,
    0.07464742660522461,
    0.0749654769897461,
    0.07483339309692383,
