{
  "train_loss": [
    459.8387451171875,
    12.983219146728516,
    10.640871047973633,
    8.780285835266113,
    8.96030330657959
  ],
  "val_loss": [
    88.75663365374974,
    10.70754938410546,
    8.25787517669231,
    7.632541979293869,
    7.866210615082736
  ],
  "val_accuracy": [
    0.05457314016442751,
    0.07993282534589934,
    0.07692187186685381,
    0.09723249197914578,
    0.08581374072588731
  ],
  "steps": [
    0,
    100,
    200,
    300,
    400
  ],
  "time_per_step": [
    0.0914771556854248,
    0.07883405685424805,
    0.07954192161560059,
    0.07999253273010254,
    0.06755471229553223,
    0.0660545825958252,
    0.06581997871398926,
    0.06721663475036621,
    0.06965827941894531,
    0.07101559638977051,
    0.06997513771057129,
    0.08496928215026855,
    0.0808265209197998,
    0.08025360107421875,
    0.08110165596008301,
    0.0802619457244873,
    0.08048558235168457,
    0.08252573013305664,
    0.0802147388458252,
    0.08244514465332031,
    0.08270978927612305,
    0.08295369148254395,
    0.08070135116577148,
    0.08126401901245117,
    0.08134102821350098,
    0.08089685440063477,
    0.0788576602935791,
    0.07871270179748535,
    0.07867836952209473,
    0.08026337623596191,
    0.0806586742401123,
    0.08034777641296387,
    0.0827493667602539,
    0.08524394035339355,
    0.08318114280700684,
    0.08270597457885742,
    0.08299946784973145,
    0.08267402648925781,
    0.08305048942565918,
    0.07806777954101562,
    0.07796692848205566,
    0.07782316207885742,
    0.08007955551147461,
    0.08011293411254883,
    0.08031058311462402,
    0.080535888671875,
    0.07828950881958008,
    0.07812643051147461,
    0.07832622528076172,
    0.07809162139892578,
    0.07865095138549805,
    0.07825922966003418,
    0.07800841331481934,
    0.0779416561126709,
    0.08264398574829102,
    0.07785940170288086,
    0.07816815376281738,
    0.07831048965454102,
    0.07805585861206055,
    0.07818961143493652,
    0.07847714424133301,
    0.07776165008544922,
    0.07790780067443848,
    0.07815098762512207,
    0.0780799388885498,
    0.07822632789611816,
    0.0782468318939209,
    0.07850241661071777,
    0.07892036437988281,
    0.07842183113098145,
    0.0782933235168457,
    0.07832860946655273,
    0.07860732078552246,
    0.07813835144042969,
    0.07851672172546387,
    0.07813644409179688,
    0.0783548355102539,
    0.07844805717468262,
    0.07810044288635254,
    0.07829713821411133,
    0.07821178436279297,
    0.07811570167541504,
    0.07838106155395508,
    0.07864141464233398,
    0.07973051071166992,
    0.07862401008605957,
    0.07811880111694336,
    0.0791170597076416,
    0.07924389839172363,
    0.0783534049987793,
    0.07834792137145996,
    0.0705254077911377,
    0.05682039260864258,
    0.05652022361755371,
    0.05900239944458008,
    0.06360411643981934,
    0.0637516975402832,
    0.06358742713928223,
    0.08590912818908691,
    0.07905912399291992,
    0.08266162872314453,
    0.06449341773986816,
    0.06441783905029297,
    0.06392931938171387,
    0.067108154296875,
    0.06853342056274414,
    0.06780862808227539,
    0.06726932525634766,
    0.06782126426696777,
    0.06597566604614258,
    0.0679783821105957,
    0.08323073387145996,
    0.08485627174377441,
    0.08565282821655273,
    0.08550405502319336,
    0.08305788040161133,
    0.08484935760498047,
    0.07906413078308105,
    0.0854177474975586,
    0.08541750907897949,
    0.08093404769897461,
    0.08044600486755371,
    0.08083796501159668,
    0.08091306686401367,
    0.08069753646850586,
    0.0810399055480957,
    0.08075523376464844,
    0.0805661678314209,
    0.08077764511108398,
    0.07825016975402832,
    0.07882928848266602,
    0.0785975456237793,
    0.08269929885864258,
    0.07865571975708008,
    0.07881331443786621,
    0.07835793495178223,
    0.07827997207641602,
    0.07818722724914551,
    0.07813477516174316,
    0.07793188095092773,
    0.07845282554626465,
    0.07787847518920898,
    0.07860827445983887,
    0.07857632637023926,
    0.07843661308288574,
    0.0781404972076416,
    0.07827043533325195,
    0.07814383506774902,
    0.0781857967376709,
    0.07837820053100586,
    0.07819461822509766,
    0.07840514183044434,
    0.07804989814758301,
    0.08021783828735352,
    0.0794060230255127,
    0.07941341400146484,
    0.07980608940124512,
    0.07833385467529297,
    0.07803177833557129,
    0.07840085029602051,
    0.07791352272033691,
    0.07925939559936523,
    0.0801551342010498,
    0.0785670280456543,
    0.07801246643066406,
    0.07799410820007324,
    0.08005762100219727,
    0.08049178123474121,
    0.08077001571655273,
    0.0711221694946289,
    0.08045053482055664,
    0.08053469657897949,
    0.06540679931640625,
    0.07869148254394531,
    0.08014965057373047,
    0.07869386672973633,
    0.07814168930053711,
    0.08221197128295898,
    0.07862162590026855,
    0.07799744606018066,
    0.07799267768859863,
    0.07834482192993164,
    0.07842302322387695,
    0.07807540893554688,
    0.07811999320983887,
    0.07790255546569824,
    0.07795453071594238,
    0.07872867584228516,
    0.07794737815856934,
    0.07811570167541504,
    0.07806134223937988,
    0.07817983627319336,
    0.07842206954956055,
    0.08060622215270996,
    0.07845902442932129,
    0.07837438583374023,
    0.0781557559967041,
    0.0780935287475586,
    0.07826662063598633,
    0.0784921646118164,
    0.07814645767211914,
    0.06111288070678711,
    0.07237863540649414,
    0.063232421875,
    0.06383395195007324,
    0.06387901306152344,
    0.06379461288452148,
    0.06379938125610352,
    0.06320881843566895,
    0.06378006935119629,
    0.06393957138061523,
    0.08013606071472168,
    0.07835173606872559,
    0.07840657234191895,
    0.07771492004394531,
    0.08031916618347168,
    0.07846522331237793,
    0.0782012939453125,
    0.07808852195739746,
    0.07869195938110352,
    0.07790231704711914,
    0.07824516296386719,
    0.07805490493774414,
    0.07796382904052734,
    0.0782630443572998,
    0.07816910743713379,
    0.07825636863708496,
    0.07839179039001465,
    0.07844662666320801,
    0.07847905158996582,
    0.08063817024230957,
    0.0784142017364502,
    0.07892203330993652,
    0.07828474044799805,
    0.07852029800415039,
    0.0781559944152832,
    0.0784914493560791,
    0.07839035987854004,
    0.07808876037597656,
    0.07852768898010254,
    0.07798910140991211,
    0.0783987045288086,
    0.07849812507629395,
    0.0782618522644043,
    0.07853245735168457,
    0.07884860038757324,
    0.08049917221069336,
    0.07912302017211914,
    0.07841205596923828,
    0.08107781410217285,
    0.07836031913757324,
    0.0787668228149414,
    0.07833194732666016,
    0.07824397087097168,
    0.07874274253845215,
    0.07849860191345215,
    0.08097195625305176,
    0.08029508590698242,
    0.08061552047729492,
    0.07879376411437988,
    0.07842874526977539,
    0.07866382598876953,
    0.08041691780090332,
    0.07848787307739258,
    0.07799744606018066,
    0.07833361625671387,
    0.08031058311462402,
    0.08054661750793457,
    0.07836198806762695,
    0.07823991775512695,
    0.07870292663574219,
    0.08160591125488281,
    0.07983756065368652,
    0.0782778263092041,
    0.07827496528625488,
    0.08132648468017578,
    0.07830309867858887,
    0.08037471771240234,
    0.08059000968933105,
    0.0807650089263916,
    0.0806884765625,
    0.0788722038269043,
    0.08072257041931152,
    0.07857632637023926,
    0.08046317100524902,
    0.06950926780700684,
    0.08098888397216797,
    0.07843804359436035,
    0.06564450263977051,
    0.08109402656555176,
    0.0808260440826416,
    0.08269095420837402,
    0.0832362174987793,
    0.08295416831970215,
    0.08350062370300293,
    0.08276486396789551,
    0.08315372467041016,
    0.08291459083557129,
    0.0832982063293457,
    0.08314085006713867,
    0.08483672142028809,
    0.06316399574279785,
