{
  "train_loss": [
    473.2256774902344,
    12.832140922546387,
    10.499237060546875,
    7.5446672439575195,
    5.7088799476623535
  ],
  "val_loss": [
    157.80415076578493,
    9.595703034832304,
    7.780184564479448,
    6.678189484664609,
    5.529499004684177
  ],
  "val_accuracy": [
    0.04824880826271186,
    0.09546820757606699,
    0.0991806207882377,
    0.14491473574382274,
    0.20608659479017766
  ],
  "steps": [
    0,
    100,
    200,
    300,
    400
  ],
  "time_per_step": [
    0.09992122650146484,
    0.09022855758666992,
    0.08442020416259766,
    0.07603740692138672,
    0.07455253601074219,
    0.07201099395751953,
    0.0720067024230957,
    0.07083845138549805,
    0.07261157035827637,
    0.07201790809631348,
    0.07267475128173828,
    0.0721735954284668,
    0.08098649978637695,
    0.08113932609558105,
    0.08150935173034668,
    0.08098983764648438,
    0.08137249946594238,
    0.08155274391174316,
    0.08095335960388184,
    0.08344650268554688,
    0.08209633827209473,
    0.08451128005981445,
    0.08159255981445312,
    0.0813446044921875,
    0.08125138282775879,
    0.0820159912109375,
    0.08123087882995605,
    0.08103227615356445,
    0.08374619483947754,
    0.08106327056884766,
    0.08114910125732422,
    0.0832376480102539,
    0.08352303504943848,
    0.08567476272583008,
    0.08358955383300781,
    0.08137798309326172,
    0.08556509017944336,
    0.08367013931274414,
    0.0812222957611084,
    0.0834197998046875,
    0.08160686492919922,
    0.08159828186035156,
    0.07354474067687988,
    0.08353209495544434,
    0.07951188087463379,
    0.08326172828674316,
    0.08150172233581543,
    0.08077549934387207,
    0.08117246627807617,
    0.08391189575195312,
    0.08342814445495605,
    0.08132338523864746,
    0.08316946029663086,
    0.08388304710388184,
    0.0831146240234375,
    0.08416104316711426,
    0.08353304862976074,
    0.08304834365844727,
    0.08499264717102051,
    0.08359265327453613,
    0.08349943161010742,
    0.08430099487304688,
    0.08208203315734863,
    0.08330440521240234,
    0.0834810733795166,
    0.0838465690612793,
    0.08661818504333496,
    0.08385872840881348,
    0.08399200439453125,
    0.08372330665588379,
    0.08154797554016113,
    0.08342933654785156,
    0.08129453659057617,
    0.08602476119995117,
    0.08423495292663574,
    0.08359694480895996,
    0.08418631553649902,
    0.08321332931518555,
    0.08365297317504883,
    0.08372807502746582,
    0.08167624473571777,
    0.0852668285369873,
    0.08575749397277832,
    0.08370065689086914,
    0.08348512649536133,
    0.08144044876098633,
    0.08320808410644531,
    0.08361268043518066,
    0.08171463012695312,
    0.08346796035766602,
    0.0817415714263916,
    0.08337926864624023,
    0.08361291885375977,
    0.08345365524291992,
    0.08324217796325684,
    0.08346009254455566,
    0.08348560333251953,
    0.0836784839630127,
    0.08121395111083984,
    0.08329463005065918,
    0.08171772956848145,
    0.0724341869354248,
    0.07255721092224121,
    0.0746307373046875,
    0.07595658302307129,
    0.07391548156738281,
    0.07278561592102051,
    0.07597875595092773,
    0.07500672340393066,
    0.07570004463195801,
    0.07611608505249023,
    0.0728917121887207,
    0.08381104469299316,
    0.08675503730773926,
    0.08148765563964844,
    0.08359050750732422,
    0.08153939247131348,
    0.08129405975341797,
    0.0836188793182373,
    0.0815587043762207,
    0.08375358581542969,
    0.08283495903015137,
    0.07013654708862305,
    0.08352279663085938,
    0.07584166526794434,
    0.08148431777954102,
    0.08315324783325195,
    0.08477044105529785,
    0.08304309844970703,
    0.08104681968688965,
    0.08074569702148438,
    0.08087158203125,
    0.08267903327941895,
    0.08088970184326172,
    0.0836942195892334,
    0.08473777770996094,
    0.0814516544342041,
    0.08569145202636719,
    0.08166742324829102,
    0.08122825622558594,
    0.0837259292602539,
    0.08367776870727539,
    0.08197712898254395,
    0.08296513557434082,
    0.0835123062133789,
    0.08598971366882324,
    0.0850067138671875,
    0.08447456359863281,
    0.08587074279785156,
    0.08372211456298828,
    0.084320068359375,
    0.0835573673248291,
    0.08396720886230469,
    0.08141326904296875,
    0.0841071605682373,
    0.08147215843200684,
    0.08367538452148438,
    0.08370256423950195,
    0.08431363105773926,
    0.08358502388000488,
    0.08583331108093262,
    0.08366250991821289,
    0.08152055740356445,
    0.08555245399475098,
    0.08183574676513672,
    0.08344221115112305,
    0.0833742618560791,
    0.0835413932800293,
    0.08562898635864258,
    0.08157110214233398,
    0.08369183540344238,
    0.08582425117492676,
    0.08344697952270508,
    0.08159637451171875,
    0.08359670639038086,
    0.08123350143432617,
    0.08353281021118164,
    0.08572697639465332,
    0.08176279067993164,
    0.08553695678710938,
    0.08630752563476562,
    0.08367013931274414,
    0.08328366279602051,
    0.08327245712280273,
    0.08344054222106934,
    0.08339929580688477,
    0.08147025108337402,
    0.08685684204101562,
    0.08382725715637207,
    0.08351397514343262,
    0.08142590522766113,
    0.0844125747680664,
    0.08497738838195801,
    0.08677935600280762,
    0.08578181266784668,
    0.08149313926696777,
    0.08145475387573242,
    0.08349108695983887,
    0.08563923835754395,
    0.0858316421508789,
    0.08566975593566895,
    0.07224655151367188,
    0.07561969757080078,
    0.07466864585876465,
    0.07617688179016113,
    0.07451868057250977,
    0.07622766494750977,
    0.07474327087402344,
    0.07264375686645508,
    0.0740206241607666,
    0.07283449172973633,
    0.07421731948852539,
    0.08142256736755371,
    0.08339166641235352,
    0.08165693283081055,
    0.0812067985534668,
    0.08130788803100586,
    0.08143782615661621,
    0.08560967445373535,
    0.08206009864807129,
    0.08339405059814453,
    0.08155441284179688,
    0.08212804794311523,
    0.0835723876953125,
    0.0817415714263916,
    0.08429551124572754,
    0.08133983612060547,
    0.08138918876647949,
    0.08133697509765625,
    0.08154749870300293,
    0.08097720146179199,
    0.0814366340637207,
    0.0814204216003418,
    0.08170509338378906,
    0.08152556419372559,
    0.08100700378417969,
    0.08148932456970215,
    0.08093547821044922,
    0.08111786842346191,
    0.08153176307678223,
    0.0832068920135498,
    0.0813910961151123,
    0.08130264282226562,
    0.08142471313476562,
    0.08156752586364746,
    0.0814054012298584,
    0.08140850067138672,
    0.08106780052185059,
    0.08342671394348145,
    0.0813899040222168,
    0.0810844898223877,
    0.08128786087036133,
    0.08108377456665039,
    0.08131027221679688,
    0.08090901374816895,
    0.08394074440002441,
    0.08162951469421387,
    0.0829930305480957,
    0.08299493789672852,
    0.08187079429626465,
    0.08202004432678223,
    0.08194994926452637,
    0.08240675926208496,
    0.08167052268981934,
    0.08176565170288086,
    0.0823667049407959,
    0.08134770393371582,
    0.0818638801574707,
    0.08321261405944824,
    0.08328080177307129,
    0.08271670341491699,
    0.06888413429260254,
    0.08124375343322754,
    0.07775712013244629,
    0.08108758926391602,
    0.0805826187133789,
    0.08065414428710938,
    0.08055567741394043,
    0.08079099655151367,
    0.08043909072875977,
    0.08141160011291504,
    0.08188319206237793,
    0.0810554027557373,
    0.08047127723693848,
    0.08100390434265137,
    0.08099484443664551,
    0.08118081092834473,
    0.08276629447937012,
    0.08166956901550293,
    0.08120489120483398,
    0.08117198944091797,
    0.08143258094787598,
    0.08248329162597656,
    0.0814671516418457,
    0.08541989326477051,
    0.08342218399047852,
    0.08138203620910645,
    0.08219027519226074,
    0.08123946189880371,
    0.0810861587524414,
    0.08077788352966309,
