{
  "train_loss": [
    472.95745849609375,
    13.212717056274414,
    9.50829792022705,
    9.381402969360352,
    8.0767822265625
  ],
  "val_loss": [
    94.09650294167766,
    9.973323174294146,
    7.775970935529413,
    7.88939515799923,
    7.1415309384084855
  ],
  "val_accuracy": [
    0.0496066628803349,
    0.03636772992393302,
    0.05409861107565857,
    0.08709832710077599,
    0.0947052244996937
  ],
  "steps": [
    0,
    100,
    200,
    300,
    400
  ],
  "time_per_step": [
    0.10401439666748047,
    0.08972859382629395,
    0.08881902694702148,
    0.08472776412963867,
    0.08000326156616211,
    0.07862067222595215,
    0.08276152610778809,
    0.07920575141906738,
    0.07570075988769531,
    0.07275557518005371,
    0.06522583961486816,
    0.07439684867858887,
    0.06870865821838379,
    0.06165885925292969,
    0.07436370849609375,
    0.07467842102050781,
    0.07217860221862793,
    0.07353973388671875,
    0.07373690605163574,
    0.07428479194641113,
    0.0766143798828125,
    0.07483887672424316,
    0.07209229469299316,
    0.07441377639770508,
    0.07469367980957031,
    0.07587194442749023,
    0.07597827911376953,
    0.07176780700683594,
    0.08650541305541992,
    0.08721208572387695,
    0.08213639259338379,
    0.08653497695922852,
    0.08655738830566406,
    0.08539843559265137,
    0.08646392822265625,
    0.08652257919311523,
    0.08450651168823242,
    0.08651947975158691,
    0.08462643623352051,
    0.08653044700622559,
    0.08217477798461914,
    0.08649492263793945,
    0.08401298522949219,
    0.08226490020751953,
    0.08675813674926758,
    0.08675265312194824,
    0.08237934112548828,
    0.08642983436584473,
    0.0870046615600586,
    0.0827791690826416,
    0.08708000183105469,
    0.08684825897216797,
    0.08678412437438965,
    0.08667588233947754,
    0.08666372299194336,
    0.08669233322143555,
    0.08301472663879395,
    0.08218717575073242,
    0.08662843704223633,
    0.0825190544128418,
    0.08615446090698242,
    0.08674812316894531,
    0.08694744110107422,
    0.08293819427490234,
    0.08438348770141602,
    0.08249998092651367,
    0.0871436595916748,
    0.08693289756774902,
    0.08286833763122559,
    0.08682894706726074,
    0.07030582427978516,
    0.06792855262756348,
    0.07296466827392578,
    0.06213998794555664,
    0.05928611755371094,
    0.06156420707702637,
    0.05945563316345215,
    0.059000253677368164,
    0.061376333236694336,
    0.06208348274230957,
    0.061585426330566406,
    0.06182980537414551,
    0.06176877021789551,
    0.061830997467041016,
    0.059591054916381836,
    0.061489105224609375,
    0.05941939353942871,
    0.05926084518432617,
    0.06025242805480957,
    0.06544899940490723,
    0.062229156494140625,
    0.061864614486694336,
    0.061850547790527344,
    0.060654640197753906,
    0.060164690017700195,
    0.060513973236083984,
    0.06066703796386719,
    0.060366153717041016,
    0.0606081485748291,
    0.061655521392822266,
    0.06072068214416504,
    0.05884599685668945,
    0.07335805892944336,
    0.07557272911071777,
    0.07502460479736328,
    0.07369375228881836,
    0.07501935958862305,
    0.07305192947387695,
    0.07366418838500977,
    0.07496881484985352,
    0.07374262809753418,
    0.07495927810668945,
    0.07559633255004883,
    0.07498478889465332,
    0.07503390312194824,
    0.07566237449645996,
    0.0738983154296875,
    0.07276511192321777,
    0.08435678482055664,
    0.0864415168762207,
    0.08463501930236816,
    0.08667802810668945,
    0.08669352531433105,
    0.0863654613494873,
    0.08447074890136719,
    0.08658576011657715,
    0.08689045906066895,
    0.08708453178405762,
    0.0846099853515625,
    0.08450603485107422,
    0.0843205451965332,
    0.08440971374511719,
    0.08456563949584961,
    0.08409619331359863,
    0.08642959594726562,
    0.08668065071105957,
    0.08740568161010742,
    0.08572173118591309,
    0.0860433578491211,
    0.08181905746459961,
    0.08625459671020508,
    0.08391499519348145,
    0.08674216270446777,
    0.0876622200012207,
    0.08638668060302734,
    0.08625316619873047,
    0.08468294143676758,
    0.08501124382019043,
    0.08623576164245605,
    0.08652448654174805,
    0.0875098705291748,
    0.08486413955688477,
    0.08606243133544922,
    0.08681249618530273,
    0.08684945106506348,
    0.0871591567993164,
    0.08626174926757812,
    0.08641242980957031,
    0.08097505569458008,
    0.08912873268127441,
    0.08885431289672852,
    0.08647918701171875,
    0.08741903305053711,
    0.08674049377441406,
    0.08626532554626465,
    0.08423876762390137,
    0.09085297584533691,
    0.0888514518737793,
    0.08650970458984375,
    0.08644437789916992,
    0.08650779724121094,
    0.08856606483459473,
    0.0865774154663086,
    0.08861112594604492,
    0.08622527122497559,
    0.08641648292541504,
    0.0869138240814209,
    0.08854055404663086,
    0.08919978141784668,
    0.09093642234802246,
    0.08684396743774414,
    0.08632397651672363,
    0.09084844589233398,
    0.0865170955657959,
    0.08857846260070801,
    0.08765506744384766,
    0.09153056144714355,
    0.08667278289794922,
    0.09077143669128418,
    0.08878779411315918,
    0.08690929412841797,
    0.08646249771118164,
    0.08867454528808594,
    0.08913755416870117,
    0.08699679374694824,
    0.08887577056884766,
    0.08813977241516113,
    0.08712959289550781,
    0.08896756172180176,
    0.08726954460144043,
    0.0864417552947998,
    0.0738832950592041,
    0.07563638687133789,
    0.07494688034057617,
    0.0749509334564209,
    0.07492494583129883,
    0.07487821578979492,
    0.07551813125610352,
    0.07488393783569336,
    0.07487845420837402,
    0.07489228248596191,
    0.07488036155700684,
    0.0749199390411377,
    0.07495355606079102,
    0.07494902610778809,
    0.07554006576538086,
    0.0742349624633789,
    0.07492494583129883,
    0.0767982006072998,
    0.0768594741821289,
    0.07552433013916016,
    0.07485771179199219,
    0.07487010955810547,
    0.07430386543273926,
    0.07543778419494629,
    0.07511067390441895,
    0.07477927207946777,
    0.07508492469787598,
    0.07751917839050293,
    0.0762946605682373,
    0.07558417320251465,
    0.07484269142150879,
    0.07489609718322754,
    0.07483291625976562,
    0.07485795021057129,
    0.07495999336242676,
    0.07496166229248047,
    0.07554888725280762,
    0.07500171661376953,
    0.07568001747131348,
    0.07497453689575195,
    0.0750436782836914,
    0.08692669868469238,
    0.0866851806640625,
    0.08664417266845703,
    0.08632302284240723,
    0.0861670970916748,
    0.08653903007507324,
    0.08632040023803711,
    0.08654141426086426,
    0.08626580238342285,
    0.08631253242492676,
    0.08450555801391602,
    0.08613872528076172,
    0.08647537231445312,
    0.08658838272094727,
    0.08639311790466309,
    0.0865945816040039,
    0.08630752563476562,
    0.10146880149841309,
    0.08748602867126465,
    0.08637046813964844,
    0.0863034725189209,
    0.08642387390136719,
    0.08742046356201172,
    0.08571100234985352,
    0.08213543891906738,
    0.08489084243774414,
    0.08612585067749023,
    0.08560395240783691,
    0.08592009544372559,
    0.08589935302734375,
    0.0862574577331543,
    0.08607006072998047,
    0.08612990379333496,
    0.08579611778259277,
    0.0858452320098877,
    0.08813214302062988,
    0.09048676490783691,
    0.09322023391723633,
    0.09571456909179688,
    0.09575462341308594,
    0.0951836109161377,
    0.09599733352661133,
    0.09536170959472656,
    0.09414839744567871,
    0.09432578086853027,
    0.0936894416809082,
    0.09523940086364746,
    0.0955202579498291,
    0.09563302993774414,
    0.09767627716064453,
    0.09755325317382812,
    0.0979924201965332,
    0.0978550910949707,
    0.09805059432983398,
    0.09804415702819824,
    0.10434103012084961,
    0.09829831123352051,
    0.09784984588623047,
