{
  "ablation_configs": [
    {
      "name": "test_32x384",
      "batch_size": 32,
      "seq_len": 384,
      "lr": 0.015,
      "effective_batch": 32,
      "tokens_per_step": 12288
    }
  ],
  "results": [
    {
      "config_name": "test_32x384",
      "final_val_loss": 7.75329701423645,
      "final_val_acc": 0.09229329645633698,
      "avg_tokens_per_sec": 36131.973108185164,
      "total_time": 3.4008660316467285,
      "train_losses": [
        {
          "step": 0,
          "loss": 10.793431282043457,
          "accuracy": 0.0167643241584301,
          "tokens_per_sec": 7220.108021147204
        }
      ],
      "val_metrics": []
    }
  ]
}