{
  "train_loss": [
    471.31317138671875,
    12.933148384094238,
    9.540984153747559,
    9.220560073852539,
    7.844344139099121
  ],
  "val_loss": [
    94.66263779848038,
    10.11439131119204,
    7.716581664120194,
    7.21908964688139,
    7.002792891720164
  ],
  "val_accuracy": [
    0.06917107256908238,
    0.03675398364181439,
    0.07717919056308654,
    0.11256832882559958,
    0.11152751075338894
  ],
  "steps": [
    0,
    100,
    200,
    300,
    400
  ],
  "time_per_step": [
    0.10323500633239746,
    0.09278631210327148,
    0.09227824211120605,
    0.08571529388427734,
    0.08310747146606445,
    0.08284783363342285,
    0.08422613143920898,
    0.08560848236083984,
    0.08498167991638184,
    0.08499741554260254,
    0.07792806625366211,
    0.08468818664550781,
    0.07924437522888184,
    0.08484387397766113,
    0.08054089546203613,
    0.08616185188293457,
    0.08692288398742676,
    0.08171939849853516,
    0.07774090766906738,
    0.08026289939880371,
    0.08173155784606934,
    0.08235359191894531,
    0.07781648635864258,
    0.07883977890014648,
    0.08194756507873535,
    0.08100295066833496,
    0.0791025161743164,
    0.07974934577941895,
    0.08098506927490234,
    0.0810093879699707,
    0.08091878890991211,
    0.08150124549865723,
    0.08093380928039551,
    0.07906770706176758,
    0.08102989196777344,
    0.08086204528808594,
    0.08288002014160156,
    0.07975530624389648,
    0.08067631721496582,
    0.07314133644104004,
    0.07155752182006836,
    0.07236289978027344,
    0.0731821060180664,
    0.07323837280273438,
    0.07456588745117188,
    0.07322812080383301,
    0.07269501686096191,
    0.07305335998535156,
    0.07393336296081543,
    0.07175040245056152,
    0.07241201400756836,
    0.07349848747253418,
    0.0727698802947998,
    0.07174229621887207,
    0.07394552230834961,
    0.07187461853027344,
    0.0724174976348877,
    0.07276725769042969,
    0.07277202606201172,
    0.07387256622314453,
    0.07175183296203613,
    0.07266640663146973,
    0.07362985610961914,
    0.07397651672363281,
    0.07509636878967285,
    0.0729377269744873,
    0.07505369186401367,
    0.07188701629638672,
    0.07496905326843262,
    0.07176446914672852,
    0.0737619400024414,
    0.07567095756530762,
    0.07434368133544922,
    0.07284021377563477,
    0.07262134552001953,
    0.0715796947479248,
    0.07347941398620605,
    0.07407569885253906,
    0.07514595985412598,
    0.07405948638916016,
    0.07279372215270996,
    0.07396864891052246,
    0.08121514320373535,
    0.07361650466918945,
    0.07170391082763672,
    0.0714266300201416,
    0.07413697242736816,
    0.07459068298339844,
    0.0779106616973877,
    0.07195091247558594,
    0.0725090503692627,
    0.07384562492370605,
    0.07310247421264648,
    0.07261419296264648,
    0.07408452033996582,
    0.07529807090759277,
    0.07407712936401367,
    0.07285857200622559,
    0.07500815391540527,
    0.07537651062011719,
    0.0716557502746582,
    0.0698554515838623,
    0.0714406967163086,
    0.07178211212158203,
    0.07547855377197266,
    0.07278871536254883,
    0.07502102851867676,
    0.07421612739562988,
    0.07392764091491699,
    0.07262873649597168,
    0.07359123229980469,
    0.07273483276367188,
    0.0744180679321289,
    0.07399296760559082,
    0.07444405555725098,
    0.07421612739562988,
    0.0763857364654541,
    0.07457423210144043,
    0.08518362045288086,
    0.07965350151062012,
    0.07955598831176758,
    0.0790090560913086,
    0.07477378845214844,
    0.07387042045593262,
    0.07632684707641602,
    0.07439231872558594,
    0.07407236099243164,
    0.07338905334472656,
    0.07271242141723633,
    0.07380032539367676,
    0.07283616065979004,
    0.0739126205444336,
    0.07448983192443848,
    0.07411551475524902,
    0.07364678382873535,
    0.07166147232055664,
    0.0736536979675293,
    0.07397913932800293,
    0.07403779029846191,
    0.07764482498168945,
    0.07447934150695801,
    0.07620453834533691,
    0.07470917701721191,
    0.07582235336303711,
    0.07539510726928711,
    0.07425332069396973,
    0.07573390007019043,
    0.07594585418701172,
    0.07586073875427246,
    0.07586073875427246,
    0.07454633712768555,
    0.07944536209106445,
    0.07494902610778809,
    0.07396912574768066,
    0.07551121711730957,
    0.07409882545471191,
    0.07514452934265137,
    0.07534432411193848,
    0.07506728172302246,
    0.07422161102294922,
    0.07662439346313477,
    0.07573866844177246,
    0.07515764236450195,
    0.07546544075012207,
    0.07516074180603027,
    0.07709527015686035,
    0.07541656494140625,
    0.0752108097076416,
    0.07538938522338867,
    0.0752558708190918,
    0.07546019554138184,
    0.07650256156921387,
    0.07550811767578125,
    0.07527041435241699,
    0.07548213005065918,
    0.07534646987915039,
    0.07429122924804688,
    0.07511162757873535,
    0.07554078102111816,
    0.07613587379455566,
    0.07403755187988281,
    0.07537984848022461,
    0.07516098022460938,
    0.07666635513305664,
    0.07527995109558105,
    0.07537198066711426,
    0.0752098560333252,
    0.07525801658630371,
    0.07540345191955566,
    0.07510900497436523,
    0.07548046112060547,
    0.0752267837524414,
    0.07544612884521484,
    0.07529830932617188,
    0.07670736312866211,
    0.0767374038696289,
    0.07550263404846191,
    0.07562875747680664,
    0.07545113563537598,
    0.07417821884155273,
    0.07520794868469238,
    0.07301712036132812,
    0.07607793807983398,
    0.07655143737792969,
    0.07665777206420898,
    0.07596826553344727,
    0.07556557655334473,
    0.07853317260742188,
    0.07651996612548828,
    0.07626485824584961,
    0.07488489151000977,
    0.07475972175598145,
    0.07854557037353516,
    0.07648754119873047,
    0.0762186050415039,
    0.0785665512084961,
    0.0775442123413086,
    0.07636833190917969,
    0.0768136978149414,
    0.07637619972229004,
    0.0762176513671875,
    0.07617545127868652,
    0.07604026794433594,
    0.0760354995727539,
    0.07689762115478516,
    0.07879638671875,
    0.07658076286315918,
    0.07613945007324219,
    0.07610487937927246,
    0.07622933387756348,
    0.07838749885559082,
    0.07641935348510742,
    0.07615995407104492,
    0.07662320137023926,
    0.07445931434631348,
    0.07526707649230957,
    0.07602763175964355,
    0.07611918449401855,
    0.07609868049621582,
    0.07548737525939941,
    0.07587695121765137,
    0.0785377025604248,
    0.07539558410644531,
    0.0746159553527832,
    0.07507729530334473,
    0.0747065544128418,
    0.07469892501831055,
    0.07492876052856445,
    0.07463645935058594,
    0.07518386840820312,
    0.07668852806091309,
    0.07563352584838867,
    0.07463669776916504,
    0.07465386390686035,
    0.07594060897827148,
    0.07483625411987305,
    0.07601618766784668,
    0.07613992691040039,
    0.07612824440002441,
    0.07619524002075195,
    0.07547998428344727,
    0.07597827911376953,
    0.07598328590393066,
    0.07465505599975586,
    0.07864570617675781,
    0.07745718955993652,
    0.07798075675964355,
    0.0772254467010498,
    0.0784461498260498,
    0.07577657699584961,
    0.07544088363647461,
    0.07444477081298828,
    0.07595276832580566,
    0.0759572982788086,
    0.07622981071472168,
    0.07488250732421875,
    0.07709527015686035,
    0.07624506950378418,
    0.0786287784576416,
    0.07622265815734863,
    0.07746267318725586,
    0.07529115676879883,
    0.07707047462463379,
    0.07538795471191406,
    0.07900094985961914,
    0.07693266868591309,
    0.0756378173828125,
    0.07549476623535156,
    0.0753028392791748,
    0.07546472549438477,
    0.07526111602783203,
    0.07600903511047363,
    0.07582807540893555,
    0.07599258422851562,
    0.07523369789123535,
    0.0752253532409668,
    0.0756680965423584,
    0.07633614540100098,
    0.07539200782775879,
    0.07517719268798828,
    0.07652449607849121,
