{
  "train_loss": [
    473.7049865722656,
    12.083248138427734,
    9.865682601928711,
    9.03376579284668,
    8.998244285583496
  ],
  "val_loss": [
    79.56116254724974,
    9.954702050146395,
    8.018985305762266,
    7.5299180618540715,
    7.073559737478978
  ],
  "val_accuracy": [
    0.03678341289754953,
    0.050788378193430656,
    0.07771563803441084,
    0.09373981686652763,
    0.12050984912669448
  ],
  "steps": [
    0,
    100,
    200,
    300,
    400
  ],
  "time_per_step": [
    0.09368371963500977,
    0.08411121368408203,
    0.08145594596862793,
    0.08000707626342773,
    0.07826972007751465,
    0.08607959747314453,
    0.07802486419677734,
    0.07533812522888184,
    0.08598709106445312,
    0.07677912712097168,
    0.07443809509277344,
    0.07520341873168945,
    0.07304716110229492,
    0.07307147979736328,
    0.0774698257446289,
    0.07456207275390625,
    0.0847921371459961,
    0.08605217933654785,
    0.07703447341918945,
    0.08691835403442383,
    0.07460188865661621,
    0.07399249076843262,
    0.08611202239990234,
    0.07459092140197754,
    0.08467888832092285,
    0.08739042282104492,
    0.07938432693481445,
    0.08636856079101562,
    0.07942962646484375,
    0.07311463356018066,
    0.08588480949401855,
    0.0875554084777832,
    0.07478213310241699,
    0.08625030517578125,
    0.08743786811828613,
    0.08749771118164062,
    0.08755922317504883,
    0.07460474967956543,
    0.07259798049926758,
    0.07431817054748535,
    0.07301855087280273,
    0.08578801155090332,
    0.07563352584838867,
    0.08570504188537598,
    0.07683944702148438,
    0.075592041015625,
    0.07583475112915039,
    0.07718729972839355,
    0.0787813663482666,
    0.0772249698638916,
    0.07568812370300293,
    0.07551980018615723,
    0.07683968544006348,
    0.07691168785095215,
    0.07700443267822266,
    0.07682991027832031,
    0.0757300853729248,
    0.0754539966583252,
    0.07663416862487793,
    0.07568526268005371,
    0.07558488845825195,
    0.07561254501342773,
    0.07656693458557129,
    0.07588958740234375,
    0.07796192169189453,
    0.07547211647033691,
    0.07673835754394531,
    0.07881689071655273,
    0.07690095901489258,
    0.07566046714782715,
    0.07636523246765137,
    0.07564473152160645,
    0.07648611068725586,
    0.0767357349395752,
    0.07652854919433594,
    0.07558822631835938,
    0.07562065124511719,
    0.07700037956237793,
    0.07559680938720703,
    0.07652401924133301,
    0.07561993598937988,
    0.07621979713439941,
    0.07660198211669922,
    0.07554411888122559,
    0.07532906532287598,
    0.07544684410095215,
    0.07646322250366211,
    0.0766904354095459,
    0.07553386688232422,
    0.07642865180969238,
    0.07560491561889648,
    0.0758671760559082,
    0.07684898376464844,
    0.07567381858825684,
    0.07640433311462402,
    0.07674217224121094,
    0.07693266868591309,
    0.07547378540039062,
    0.07776880264282227,
    0.07676506042480469,
    0.0764462947845459,
    0.07235217094421387,
    0.0773317813873291,
    0.07580184936523438,
    0.0763559341430664,
    0.07676529884338379,
    0.07682061195373535,
    0.07804203033447266,
    0.07826471328735352,
    0.07800650596618652,
    0.07687234878540039,
    0.07792520523071289,
    0.07692265510559082,
    0.07693648338317871,
    0.07684111595153809,
    0.07745981216430664,
    0.07728052139282227,
    0.07844686508178711,
    0.07683014869689941,
    0.07661128044128418,
    0.07676935195922852,
    0.0768887996673584,
    0.07791686058044434,
    0.0769498348236084,
    0.07682943344116211,
    0.07813882827758789,
    0.0769951343536377,
    0.0766146183013916,
    0.0769510269165039,
    0.07689476013183594,
    0.07687544822692871,
    0.07833170890808105,
    0.07682204246520996,
    0.07780861854553223,
    0.07683277130126953,
    0.0766453742980957,
    0.07652997970581055,
    0.07791852951049805,
    0.07826662063598633,
    0.07918858528137207,
    0.07953929901123047,
    0.07715845108032227,
    0.0768122673034668,
    0.07907700538635254,
    0.07696247100830078,
    0.07789111137390137,
    0.07803988456726074,
    0.07577776908874512,
    0.07644510269165039,
    0.07674908638000488,
    0.07708621025085449,
    0.07691097259521484,
    0.07670068740844727,
    0.07672691345214844,
    0.07681632041931152,
    0.07532024383544922,
    0.07538247108459473,
    0.0763239860534668,
    0.07598614692687988,
    0.0766305923461914,
    0.07555270195007324,
    0.07529091835021973,
    0.07664608955383301,
    0.07678890228271484,
    0.0753486156463623,
    0.07667231559753418,
    0.07675504684448242,
    0.0768280029296875,
    0.07681941986083984,
    0.07539081573486328,
    0.07671046257019043,
    0.07564377784729004,
    0.07579898834228516,
    0.07590508460998535,
    0.07735180854797363,
    0.07700729370117188,
    0.07671713829040527,
    0.07675766944885254,
    0.07675957679748535,
    0.07685661315917969,
    0.07678556442260742,
    0.07665872573852539,
    0.07655143737792969,
    0.07680916786193848,
    0.07673978805541992,
    0.0767824649810791,
    0.07677865028381348,
    0.07674431800842285,
    0.07687115669250488,
    0.07723307609558105,
    0.07677197456359863,
    0.0768580436706543,
    0.07682394981384277,
    0.07678008079528809,
    0.07674121856689453,
    0.07678961753845215,
    0.07653236389160156,
    0.07667279243469238,
    0.07679128646850586,
    0.07686948776245117,
    0.07676100730895996,
    0.0736837387084961,
    0.07636666297912598,
    0.07670879364013672,
    0.07677936553955078,
    0.07685256004333496,
    0.07665562629699707,
    0.07679224014282227,
    0.07674837112426758,
    0.07674598693847656,
    0.07678604125976562,
    0.07677412033081055,
    0.0767371654510498,
    0.07651567459106445,
    0.07692766189575195,
    0.07728981971740723,
    0.07714509963989258,
    0.08682036399841309,
    0.07784247398376465,
    0.07686662673950195,
    0.07668185234069824,
    0.07667827606201172,
    0.07652020454406738,
    0.0767664909362793,
    0.07666254043579102,
    0.07671785354614258,
    0.07670998573303223,
    0.07678484916687012,
    0.07665467262268066,
    0.07682967185974121,
    0.0767524242401123,
    0.07725286483764648,
    0.07659029960632324,
    0.0766134262084961,
    0.07674837112426758,
    0.07654595375061035,
    0.07665133476257324,
    0.08625674247741699,
    0.07770085334777832,
    0.07652568817138672,
    0.07658982276916504,
    0.07680487632751465,
    0.07576966285705566,
    0.07652544975280762,
    0.07544684410095215,
    0.07699084281921387,
    0.0767059326171875,
    0.07671785354614258,
    0.07539844512939453,
    0.0754239559173584,
    0.07522106170654297,
    0.07539033889770508,
    0.07546615600585938,
    0.07523107528686523,
    0.07519173622131348,
    0.07539510726928711,
    0.07532453536987305,
    0.0751805305480957,
    0.07540273666381836,
    0.07631897926330566,
    0.07581233978271484,
    0.07588005065917969,
    0.07582211494445801,
    0.07586812973022461,
    0.07584834098815918,
    0.0758523941040039,
    0.0758211612701416,
    0.07589411735534668,
    0.07595086097717285,
    0.07591414451599121,
    0.07579612731933594,
    0.07585406303405762,
    0.07570433616638184,
    0.07520413398742676,
    0.07539129257202148,
    0.07529139518737793,
    0.0753941535949707,
    0.07526302337646484,
    0.07546162605285645,
    0.0754251480102539,
    0.07519197463989258,
    0.07523727416992188,
    0.07524609565734863,
    0.07676076889038086,
    0.07665443420410156,
    0.07551360130310059,
    0.07545256614685059,
    0.07575082778930664,
    0.07573580741882324,
    0.07567071914672852,
    0.07516646385192871,
    0.07517147064208984,
    0.0754690170288086,
    0.07521963119506836,
    0.07544231414794922,
    0.07516598701477051,
    0.07531428337097168,
    0.07519125938415527,
    0.07529997825622559,
    0.07552671432495117,
    0.07519960403442383,
