{
  "sequence_lengths": [
    64,
    128,
    256
  ],
  "results": {
    "64": {
      "classic": {
        "final_val_loss": 8.520342680726527,
        "final_val_accuracy": 0.04322614159823753,
        "avg_time_per_step": 0.05842044281959534
      },
      "sparse": {
        "final_val_loss": 3.5613792019474846,
        "final_val_accuracy": 0.5317819947927098,
        "avg_time_per_step": 0.06538978242874145
      }
    },
    "128": {
      "classic": {
        "final_val_loss": 7.281297577008327,
        "final_val_accuracy": 0.06533236414678163,
        "avg_time_per_step": 0.062093189001083376
      },
      "sparse": {
        "final_val_loss": 3.0016692379373384,
        "final_val_accuracy": 0.5761009875676759,
        "avg_time_per_step": 0.0676893241405487
      }
    },
    "256": {
      "classic": {
        "final_val_loss": 7.147532657489846,
        "final_val_accuracy": 0.07551062399477282,
        "avg_time_per_step": 0.0667216465473175
      },
      "sparse": {
        "final_val_loss": 1.7784377893003824,
        "final_val_accuracy": 0.6835811846602332,
        "avg_time_per_step": 0.06783620953559875
      }
    }
  }
}