{
  "train_loss": [
    469.8239440917969,
    12.445197105407715,
    9.714556694030762,
    8.999188423156738,
    7.798564910888672
  ],
  "val_loss": [
    148.38677443507018,
    9.611789986365379,
    8.003537933846578,
    7.306400790672778,
    7.033280350762196
  ],
  "val_accuracy": [
    0.04829252739244069,
    0.07410487660836348,
    0.08677545109569763,
    0.0977504900482509,
    0.10650539053075996
  ],
  "steps": [
    0,
    100,
    200,
    300,
    400
  ],
  "time_per_step": [
    0.0987403392791748,
    0.08492040634155273,
    0.081695556640625,
    0.07461357116699219,
    0.07311224937438965,
    0.07558035850524902,
    0.07182955741882324,
    0.0717306137084961,
    0.07315254211425781,
    0.07399368286132812,
    0.0861814022064209,
    0.0838472843170166,
    0.0856783390045166,
    0.0834197998046875,
    0.08532261848449707,
    0.08346676826477051,
    0.08536124229431152,
    0.08597183227539062,
    0.08152246475219727,
    0.08548212051391602,
    0.089996337890625,
    0.087890625,
    0.08604693412780762,
    0.08153939247131348,
    0.0806283950805664,
    0.08077788352966309,
    0.08128523826599121,
    0.08951926231384277,
    0.08582234382629395,
    0.08578658103942871,
    0.08083105087280273,
    0.0895545482635498,
    0.08583974838256836,
    0.08548474311828613,
    0.08125114440917969,
    0.08728384971618652,
    0.0855097770690918,
    0.0856180191040039,
    0.08562970161437988,
    0.0880289077758789,
    0.08603477478027344,
    0.08550000190734863,
    0.08539724349975586,
    0.08353495597839355,
    0.0833885669708252,
    0.08308172225952148,
    0.08778786659240723,
    0.09015059471130371,
    0.08788537979125977,
    0.0880575180053711,
    0.08355140686035156,
    0.08525681495666504,
    0.090087890625,
    0.08764028549194336,
    0.08815789222717285,
    0.09014272689819336,
    0.08619832992553711,
    0.08803343772888184,
    0.08658790588378906,
    0.08966875076293945,
    0.09005570411682129,
    0.0857844352722168,
    0.089599609375,
    0.08625245094299316,
    0.08971810340881348,
    0.08999752998352051,
    0.09015345573425293,
    0.09003877639770508,
    0.09015917778015137,
    0.09053277969360352,
    0.09047436714172363,
    0.08195185661315918,
    0.09062051773071289,
    0.09037041664123535,
    0.09006738662719727,
    0.08586263656616211,
    0.0899195671081543,
    0.08974361419677734,
    0.09446406364440918,
    0.08595442771911621,
    0.09007430076599121,
    0.09009432792663574,
    0.08566999435424805,
    0.08702445030212402,
    0.08964157104492188,
    0.09055852890014648,
    0.08565735816955566,
    0.08968782424926758,
    0.09025001525878906,
    0.0857079029083252,
    0.08544468879699707,
    0.08575105667114258,
    0.08552885055541992,
    0.08563351631164551,
    0.08542084693908691,
    0.09051656723022461,
    0.0899651050567627,
    0.08576035499572754,
    0.08547568321228027,
    0.08546280860900879,
    0.08550834655761719,
    0.07094788551330566,
    0.0776822566986084,
    0.07384896278381348,
    0.07370996475219727,
    0.07400774955749512,
    0.07366275787353516,
    0.07380557060241699,
    0.07377409934997559,
    0.0741417407989502,
    0.08586907386779785,
    0.08597850799560547,
    0.0857381820678711,
    0.08639001846313477,
    0.08572268486022949,
    0.08581113815307617,
    0.08591461181640625,
    0.08588957786560059,
    0.08577680587768555,
    0.08809781074523926,
    0.08577322959899902,
    0.08639097213745117,
    0.0905141830444336,
    0.08669042587280273,
    0.07058143615722656,
    0.08613228797912598,
    0.08569908142089844,
    0.08589577674865723,
    0.08587765693664551,
    0.09047555923461914,
    0.09042572975158691,
    0.08593392372131348,
    0.09023308753967285,
    0.08814358711242676,
    0.08589982986450195,
    0.08563947677612305,
    0.0856170654296875,
    0.08561301231384277,
    0.08789849281311035,
    0.0902411937713623,
    0.08648061752319336,
    0.08593559265136719,
    0.08620524406433105,
    0.08561229705810547,
    0.08569788932800293,
    0.08952450752258301,
    0.08376455307006836,
    0.08275032043457031,
    0.08318543434143066,
    0.0860433578491211,
    0.08611583709716797,
    0.08335566520690918,
    0.08794355392456055,
    0.08640027046203613,
    0.08380413055419922,
    0.09014701843261719,
    0.09022259712219238,
    0.08815407752990723,
    0.08876848220825195,
    0.08407020568847656,
    0.08352923393249512,
    0.0838479995727539,
    0.09009718894958496,
    0.09053969383239746,
    0.09044408798217773,
    0.08409571647644043,
    0.08551239967346191,
    0.08566808700561523,
    0.08561062812805176,
    0.08358144760131836,
    0.08985638618469238,
    0.08376812934875488,
    0.08354926109313965,
    0.0903158187866211,
    0.08579826354980469,
    0.08604097366333008,
    0.08564400672912598,
    0.08990097045898438,
    0.08581662178039551,
    0.08968257904052734,
    0.08593940734863281,
    0.08574700355529785,
    0.0854339599609375,
    0.08581161499023438,
    0.08544111251831055,
    0.08561015129089355,
    0.08758831024169922,
    0.08556795120239258,
    0.08557868003845215,
    0.08967471122741699,
    0.08796429634094238,
    0.08544588088989258,
    0.08556652069091797,
    0.08324384689331055,
    0.08654427528381348,
    0.08659482002258301,
    0.08552336692810059,
    0.08972406387329102,
    0.09030532836914062,
    0.0857858657836914,
    0.08545613288879395,
    0.07022666931152344,
    0.0722951889038086,
    0.07369041442871094,
    0.0761098861694336,
    0.07369542121887207,
    0.07292628288269043,
    0.07612800598144531,
    0.07161450386047363,
    0.07345438003540039,
    0.08577346801757812,
    0.09001517295837402,
    0.08411860466003418,
    0.09003973007202148,
    0.08405613899230957,
    0.08322620391845703,
    0.08557844161987305,
    0.08376598358154297,
    0.08570098876953125,
    0.08409476280212402,
    0.08575248718261719,
    0.09002685546875,
    0.0841825008392334,
    0.08378481864929199,
    0.08604574203491211,
    0.0857698917388916,
    0.08584928512573242,
    0.09228301048278809,
    0.08629775047302246,
    0.0858011245727539,
    0.09233331680297852,
    0.08641457557678223,
    0.08662199974060059,
    0.09267640113830566,
    0.08587956428527832,
    0.09215331077575684,
    0.08600282669067383,
    0.09234929084777832,
    0.09093356132507324,
    0.08613753318786621,
    0.09221148490905762,
    0.08601164817810059,
    0.08565616607666016,
    0.0855252742767334,
    0.08993816375732422,
    0.08583354949951172,
    0.08551454544067383,
    0.08533692359924316,
    0.08517575263977051,
    0.0861654281616211,
    0.08689379692077637,
    0.0907444953918457,
    0.08695793151855469,
    0.08665037155151367,
    0.08469676971435547,
    0.09277033805847168,
    0.08643245697021484,
    0.08788681030273438,
    0.0857231616973877,
    0.08523321151733398,
    0.08525443077087402,
    0.0856475830078125,
    0.09220552444458008,
    0.08835697174072266,
    0.08675408363342285,
    0.08825039863586426,
    0.08712291717529297,
    0.0873870849609375,
    0.08965706825256348,
    0.08705377578735352,
    0.08597612380981445,
    0.08601117134094238,
    0.08619856834411621,
    0.08661127090454102,
    0.08074569702148438,
    0.0818018913269043,
    0.08049964904785156,
    0.0813913345336914,
    0.08649134635925293,
    0.08630919456481934,
    0.09086465835571289,
    0.08661389350891113,
    0.0864109992980957,
    0.0858767032623291,
    0.08623456954956055,
    0.08632874488830566,
    0.0879061222076416,
    0.08651924133300781,
    0.08840155601501465,
    0.0893399715423584,
    0.08788418769836426,
    0.0937035083770752,
    0.0874779224395752,
    0.08737373352050781,
    0.08620119094848633,
    0.0899956226348877,
    0.08777236938476562,
    0.09447050094604492,
    0.09029173851013184,
    0.08764815330505371,
    0.08748149871826172,
    0.06900215148925781,
