{
  "config": {
    "muon_lr": 0.01,
    "muon_momentum": 0.95,
    "adamw_lr": 0.001,
    "weight_decay": 0.1,
    "max_steps": 500,
    "warmup_ratio": 0.05
  },
  "metrics": {
    "val_loss": 5.7225697630195205,
    "val_accuracy": 0.20012064333761195,
    "val_perplexity": 305.689463962887
  },
  "elapsed_minutes": 1.9751274148623148
}