{
  "config": {
    "muon_lr": 0.01,
    "muon_momentum": 0.95,
    "adamw_lr": 0.001,
    "weight_decay": 0.1,
    "max_steps": 500
  },
  "metrics": {
    "val_loss": 5.7223474082126415,
    "val_accuracy": 0.20084310053377663,
    "val_perplexity": 305.6214999974998
  },
  "elapsed_minutes": 1.9446849902470906
}