{
  "train_loss": [
    452.9138488769531,
    14.474594116210938,
    10.4970703125,
    9.999428749084473,
    9.324949264526367
  ],
  "val_loss": [
    106.41457636332956,
    11.819330851300647,
    8.979813221626427,
    7.909668816991065,
    7.69531882217502
  ],
  "val_accuracy": [
    0.03263005707991188,
    0.0702890296414981,
    0.08908409272982175,
    0.11188476366913679,
    0.09332440416583217
  ],
  "steps": [
    0,
    100,
    200,
    300,
    400
  ],
  "time_per_step": [
    0.11278629302978516,
    0.07310771942138672,
    0.07212162017822266,
    0.07186365127563477,
    0.06802630424499512,
    0.05983757972717285,
    0.06059837341308594,
    0.06706047058105469,
    0.06275606155395508,
    0.06520867347717285,
    0.06638693809509277,
    0.07755684852600098,
    0.0817573070526123,
    0.08264732360839844,
    0.08244919776916504,
    0.08215665817260742,
    0.08220362663269043,
    0.08262276649475098,
    0.08223247528076172,
    0.07587504386901855,
    0.07509994506835938,
    0.07755804061889648,
    0.08142209053039551,
    0.08225584030151367,
    0.07790637016296387,
    0.07756280899047852,
    0.07707524299621582,
    0.07743573188781738,
    0.07731509208679199,
    0.0774393081665039,
    0.07713055610656738,
    0.07744288444519043,
    0.07708072662353516,
    0.07790517807006836,
    0.07757019996643066,
    0.07753992080688477,
    0.0770881175994873,
    0.07770705223083496,
    0.07764697074890137,
    0.07797408103942871,
    0.07776069641113281,
    0.07739830017089844,
    0.07779383659362793,
    0.07821488380432129,
    0.07775068283081055,
    0.07680416107177734,
    0.07962989807128906,
    0.07861757278442383,
    0.07756757736206055,
    0.0777888298034668,
    0.07752180099487305,
    0.07737922668457031,
    0.07733297348022461,
    0.07760405540466309,
    0.07596302032470703,
    0.07763075828552246,
    0.07553911209106445,
    0.07532954216003418,
    0.07692503929138184,
    0.07321929931640625,
    0.0755147933959961,
    0.07711100578308105,
    0.06362748146057129,
    0.07504749298095703,
    0.07480072975158691,
    0.0751199722290039,
    0.0749971866607666,
    0.07492232322692871,
    0.07511115074157715,
    0.07513642311096191,
    0.0756833553314209,
    0.07535648345947266,
    0.07704854011535645,
    0.0752265453338623,
    0.07540321350097656,
    0.07480406761169434,
    0.07509732246398926,
    0.07504725456237793,
    0.074951171875,
    0.07503128051757812,
    0.07491326332092285,
    0.07573723793029785,
    0.07313680648803711,
    0.07501530647277832,
    0.07516360282897949,
    0.07525110244750977,
    0.07487130165100098,
    0.07498359680175781,
    0.07514023780822754,
    0.0748910903930664,
    0.07477974891662598,
    0.0753176212310791,
    0.07488679885864258,
    0.07492208480834961,
    0.07521677017211914,
    0.07487106323242188,
    0.07472562789916992,
    0.07521319389343262,
    0.07480144500732422,
    0.07726621627807617,
    0.07533693313598633,
    0.05384111404418945,
    0.06973624229431152,
    0.060114383697509766,
    0.059923648834228516,
    0.060005903244018555,
    0.06055569648742676,
    0.05920743942260742,
    0.06000185012817383,
    0.060533761978149414,
    0.059259653091430664,
    0.0711362361907959,
    0.07457995414733887,
    0.07478976249694824,
    0.07544636726379395,
    0.07563400268554688,
    0.07507824897766113,
    0.07553339004516602,
    0.07529664039611816,
    0.07532072067260742,
    0.07234406471252441,
    0.07528424263000488,
    0.07523775100708008,
    0.0753469467163086,
    0.07520651817321777,
    0.07494425773620605,
    0.07516598701477051,
    0.07496404647827148,
    0.07505154609680176,
    0.07494187355041504,
    0.07502913475036621,
    0.07522034645080566,
    0.07511639595031738,
    0.07481265068054199,
    0.07558321952819824,
    0.07511162757873535,
    0.07530403137207031,
    0.07512331008911133,
    0.07512354850769043,
    0.0748445987701416,
    0.0748445987701416,
    0.07465720176696777,
    0.07521224021911621,
    0.07499003410339355,
    0.07714962959289551,
    0.07729816436767578,
    0.07528996467590332,
    0.07710647583007812,
    0.0773935317993164,
    0.07710647583007812,
    0.07351255416870117,
    0.0771172046661377,
    0.07742500305175781,
    0.0775766372680664,
    0.07709431648254395,
    0.08188557624816895,
    0.07800841331481934,
    0.07751774787902832,
    0.0776824951171875,
    0.0774068832397461,
    0.07552814483642578,
    0.07739901542663574,
    0.07814693450927734,
    0.0776820182800293,
    0.07767438888549805,
    0.07711672782897949,
    0.0771939754486084,
    0.0794668197631836,
    0.07748079299926758,
    0.07796788215637207,
    0.06998467445373535,
    0.06067681312561035,
    0.06050515174865723,
    0.07558846473693848,
    0.0757286548614502,
    0.07744860649108887,
    0.07494330406188965,
    0.0749506950378418,
    0.07519865036010742,
    0.07560062408447266,
    0.07460284233093262,
    0.07505154609680176,
    0.07467079162597656,
    0.07514262199401855,
    0.07526373863220215,
    0.07670474052429199,
    0.07616925239562988,
    0.07473945617675781,
    0.07556390762329102,
    0.07496070861816406,
    0.07492327690124512,
    0.0750734806060791,
    0.07511615753173828,
    0.07504677772521973,
    0.07483434677124023,
    0.07492566108703613,
    0.07529616355895996,
    0.07617354393005371,
    0.07601499557495117,
    0.07533717155456543,
    0.07731842994689941,
    0.05801820755004883,
    0.06974101066589355,
    0.05971360206604004,
    0.060060739517211914,
    0.06008195877075195,
    0.06031632423400879,
    0.05913543701171875,
    0.06190824508666992,
    0.06202411651611328,
    0.06029915809631348,
    0.0747995376586914,
    0.07475399971008301,
    0.0770261287689209,
    0.07538557052612305,
    0.07700490951538086,
    0.075408935546875,
    0.07489013671875,
    0.07486081123352051,
    0.07495832443237305,
    0.07497501373291016,
    0.07696962356567383,
    0.07529163360595703,
    0.07712054252624512,
    0.07764530181884766,
    0.07579541206359863,
    0.07706785202026367,
    0.08156180381774902,
    0.075592041015625,
    0.07500720024108887,
    0.07706284523010254,
    0.07993388175964355,
    0.07525420188903809,
    0.07507848739624023,
    0.07494330406188965,
    0.07693171501159668,
    0.07528233528137207,
    0.07706546783447266,
    0.07784056663513184,
    0.0773627758026123,
    0.07801985740661621,
    0.07771420478820801,
    0.07550430297851562,
    0.07728981971740723,
    0.07506775856018066,
    0.07517099380493164,
    0.07532477378845215,
    0.07503128051757812,
    0.07512688636779785,
    0.07520580291748047,
    0.07509541511535645,
    0.07493400573730469,
    0.07509207725524902,
    0.07484817504882812,
    0.07494711875915527,
    0.07616686820983887,
    0.07496976852416992,
    0.07501053810119629,
    0.07494664192199707,
    0.07495307922363281,
    0.07678675651550293,
    0.06377291679382324,
    0.06057238578796387,
    0.07563328742980957,
    0.06828188896179199,
    0.07472085952758789,
    0.07480740547180176,
    0.07502985000610352,
    0.07512807846069336,
    0.07530879974365234,
    0.07508087158203125,
    0.07496809959411621,
    0.0750737190246582,
    0.07519721984863281,
    0.07514047622680664,
    0.07506442070007324,
    0.07505011558532715,
    0.07499551773071289,
    0.07553553581237793,
    0.0750274658203125,
    0.07554364204406738,
    0.07558584213256836,
    0.07525229454040527,
    0.07486915588378906,
    0.07505106925964355,
    0.0748605728149414,
    0.07489490509033203,
    0.07699298858642578,
    0.0756540298461914,
    0.07570171356201172,
    0.07518196105957031,
    0.07555484771728516,
    0.07520151138305664,
    0.07575702667236328,
    0.07671546936035156,
    0.07563352584838867,
    0.07604575157165527,
    0.07546138763427734,
    0.07529592514038086,
    0.07534289360046387,
    0.07577967643737793,
