{
  "train_loss": [
    460.0479736328125,
    12.549925804138184,
    10.993477821350098,
    9.035576820373535,
    7.994196891784668
  ],
  "val_loss": [
    122.78236002718396,
    10.617044148618195,
    9.629114856647302,
    7.603661554954992,
    7.152076851229212
  ],
  "val_accuracy": [
    0.04966506667335071,
    0.07133390565470223,
    0.04795280228594345,
    0.09398811910968519,
    0.10000219320232605
  ],
  "steps": [
    0,
    100,
    200,
    300,
    400
  ],
  "time_per_step": [
    0.08818197250366211,
    0.06967997550964355,
    0.0748138427734375,
    0.0669558048248291,
    0.061701059341430664,
    0.060961246490478516,
    0.0628817081451416,
    0.06087327003479004,
    0.06104588508605957,
    0.07801127433776855,
    0.07842087745666504,
    0.07820749282836914,
    0.07817697525024414,
    0.07882189750671387,
    0.0780186653137207,
    0.07813334465026855,
    0.07638311386108398,
    0.07571148872375488,
    0.07566452026367188,
    0.07563662528991699,
    0.07586455345153809,
    0.07580232620239258,
    0.07792806625366211,
    0.07820820808410645,
    0.0780644416809082,
    0.0777432918548584,
    0.0783851146697998,
    0.07800793647766113,
    0.07786035537719727,
    0.07784748077392578,
    0.07808852195739746,
    0.07801413536071777,
    0.0778512954711914,
    0.07803893089294434,
    0.07810139656066895,
    0.07826995849609375,
    0.07834744453430176,
    0.07794690132141113,
    0.07780694961547852,
    0.07783198356628418,
    0.07885360717773438,
    0.07773423194885254,
    0.07799315452575684,
    0.07824587821960449,
    0.07790040969848633,
    0.07831311225891113,
    0.07575178146362305,
    0.07557177543640137,
    0.0756537914276123,
    0.0778350830078125,
    0.0760338306427002,
    0.07572174072265625,
    0.07586836814880371,
    0.07631421089172363,
    0.0755605697631836,
    0.07543683052062988,
    0.07549524307250977,
    0.07562661170959473,
    0.07590293884277344,
    0.07552695274353027,
    0.07553482055664062,
    0.07600283622741699,
    0.07636380195617676,
    0.07564234733581543,
    0.07532286643981934,
    0.07559490203857422,
    0.07541656494140625,
    0.07572007179260254,
    0.07570242881774902,
    0.07538437843322754,
    0.07548952102661133,
    0.07591843605041504,
    0.07551097869873047,
    0.07554173469543457,
    0.07580423355102539,
    0.07646608352661133,
    0.07587671279907227,
    0.07593464851379395,
    0.07614517211914062,
    0.07617378234863281,
    0.07700943946838379,
    0.07562065124511719,
    0.07764506340026855,
    0.07686543464660645,
    0.07585358619689941,
    0.07605981826782227,
    0.07578873634338379,
    0.07589316368103027,
    0.0759434700012207,
    0.0759894847869873,
    0.07606720924377441,
    0.07539939880371094,
    0.07554960250854492,
    0.07547593116760254,
    0.0755457878112793,
    0.07588386535644531,
    0.07291936874389648,
    0.07568764686584473,
    0.07133269309997559,
    0.0753476619720459,
    0.07564091682434082,
    0.06049704551696777,
    0.06222391128540039,
    0.06279683113098145,
    0.06288361549377441,
    0.06296324729919434,
    0.06375527381896973,
    0.06300973892211914,
    0.06316590309143066,
    0.07651066780090332,
    0.07591724395751953,
    0.07572174072265625,
    0.07549452781677246,
    0.075469970703125,
    0.07543540000915527,
    0.07605934143066406,
    0.07551360130310059,
    0.07324767112731934,
    0.07538461685180664,
    0.07550406455993652,
    0.07531905174255371,
    0.07547688484191895,
    0.07553362846374512,
    0.07559490203857422,
    0.0753943920135498,
    0.07348036766052246,
    0.07549786567687988,
    0.07567667961120605,
    0.07692170143127441,
    0.07407641410827637,
    0.07557296752929688,
    0.07352876663208008,
    0.0760335922241211,
    0.0736548900604248,
    0.07378458976745605,
    0.07355356216430664,
    0.07334733009338379,
    0.07320833206176758,
    0.07335710525512695,
    0.0736229419708252,
    0.07306218147277832,
    0.07378220558166504,
    0.07423782348632812,
    0.07429981231689453,
    0.07644820213317871,
    0.07563543319702148,
    0.07572555541992188,
    0.07533550262451172,
    0.07598733901977539,
    0.07583498954772949,
    0.07549762725830078,
    0.07600617408752441,
    0.07578396797180176,
    0.07591748237609863,
    0.07566618919372559,
    0.07572603225708008,
    0.07561206817626953,
    0.07585763931274414,
    0.07569026947021484,
    0.07562565803527832,
    0.0756685733795166,
    0.07602238655090332,
    0.07974505424499512,
    0.07580924034118652,
    0.07614350318908691,
    0.09319901466369629,
    0.07955765724182129,
    0.07682657241821289,
    0.09367561340332031,
    0.07970666885375977,
    0.0946035385131836,
    0.09511518478393555,
    0.09609436988830566,
    0.09480428695678711,
    0.09411287307739258,
    0.09479308128356934,
    0.09249448776245117,
    0.08089709281921387,
    0.08014321327209473,
    0.07816576957702637,
    0.07783889770507812,
    0.07989001274108887,
    0.08050656318664551,
    0.0758674144744873,
    0.07976293563842773,
    0.0780189037322998,
    0.0754539966583252,
    0.06804823875427246,
    0.06094622611999512,
    0.0785360336303711,
    0.07575583457946777,
    0.07552719116210938,
    0.07536649703979492,
    0.07765865325927734,
    0.07788276672363281,
    0.07576370239257812,
    0.07526707649230957,
    0.07567286491394043,
    0.07548785209655762,
    0.07539796829223633,
    0.07554507255554199,
    0.05994462966918945,
    0.06345605850219727,
    0.0628662109375,
    0.06290912628173828,
    0.06288981437683105,
    0.06285333633422852,
    0.0642399787902832,
    0.06545448303222656,
    0.07791543006896973,
    0.07594060897827148,
    0.07568144798278809,
    0.07549548149108887,
    0.07517766952514648,
    0.07529759407043457,
    0.07569646835327148,
    0.0758063793182373,
    0.07552766799926758,
    0.07563352584838867,
    0.07551121711730957,
    0.0753631591796875,
    0.0754086971282959,
    0.07529067993164062,
    0.07549881935119629,
    0.07548856735229492,
    0.07561564445495605,
    0.07541131973266602,
    0.07752490043640137,
    0.07569527626037598,
    0.07562708854675293,
    0.07553577423095703,
    0.07770204544067383,
    0.07575559616088867,
    0.07575726509094238,
    0.07773399353027344,
    0.07805466651916504,
    0.07559490203857422,
    0.0734858512878418,
    0.07770323753356934,
    0.07575535774230957,
    0.07562518119812012,
    0.07578182220458984,
    0.0733788013458252,
    0.07670235633850098,
    0.07578301429748535,
    0.075531005859375,
    0.0755150318145752,
    0.07553720474243164,
    0.07560229301452637,
    0.07323217391967773,
    0.07528948783874512,
    0.07537055015563965,
    0.07760167121887207,
    0.07560896873474121,
    0.07540202140808105,
    0.0732271671295166,
    0.07543587684631348,
    0.07339811325073242,
    0.07545351982116699,
    0.07555437088012695,
    0.07344341278076172,
    0.07326745986938477,
    0.07535815238952637,
    0.07340645790100098,
    0.07314801216125488,
    0.07537674903869629,
    0.0753164291381836,
    0.07555866241455078,
    0.0755763053894043,
    0.07546567916870117,
    0.07530522346496582,
    0.07726192474365234,
    0.0752720832824707,
    0.07541251182556152,
    0.07354283332824707,
    0.07531237602233887,
    0.07534933090209961,
    0.0733942985534668,
    0.07527899742126465,
    0.07330465316772461,
    0.07521796226501465,
    0.07536458969116211,
    0.07548213005065918,
    0.07530570030212402,
    0.07568478584289551,
    0.07554197311401367,
    0.06762361526489258,
    0.07353687286376953,
    0.07064008712768555,
    0.05959033966064453,
    0.06234121322631836,
    0.07431554794311523,
    0.07521653175354004,
    0.07556033134460449,
    0.07527327537536621,
    0.07577872276306152,
    0.07554125785827637,
    0.07554507255554199,
    0.07600998878479004,
    0.07582354545593262,
    0.07563543319702148,
