{
  "64": {
    "dense": {
      "val_loss_mean": 6.924258740743002,
      "val_loss_std": 0.002799407343087146,
      "val_accuracy_mean": 0.0007936507936507938,
      "val_accuracy_std": 0.00016200328986661227,
      "training_time_mean": 114.47088781992595,
      "training_time_std": 0.41306620758987994,
      "tokens_per_second_mean": 2236.4055817787353,
      "tokens_per_second_std": 8.067671213834972,
      "n_runs": 3
    },
    "fixed_sparse_25": {
      "val_loss_mean": 6.612448199590047,
      "val_loss_std": 0.21757311957273007,
      "val_accuracy_mean": 0.03756613756613757,
      "val_accuracy_std": 0.025248270330280483,
      "training_time_mean": 123.90662288665771,
      "training_time_std": 0.6749148922622794,
      "tokens_per_second_mean": 2066.1331779687757,
      "tokens_per_second_std": 11.237808561466187,
      "n_runs": 3
    },
    "fixed_sparse_50": {
      "val_loss_mean": 5.856334034601847,
      "val_loss_std": 1.5013293660787608,
      "val_accuracy_mean": 0.16157407407407406,
      "val_accuracy_std": 0.2265362930876372,
      "training_time_mean": 122.78264983495076,
      "training_time_std": 1.3401775049245268,
      "tokens_per_second_mean": 2085.2354012098517,
      "tokens_per_second_std": 22.9284411810566,
      "n_runs": 3
    },
    "fixed_sparse_75": {
      "val_loss_mean": 6.920237795511881,
      "val_loss_std": 0.0011556000022447028,
      "val_accuracy_mean": 0.0008597883597883598,
      "val_accuracy_std": 0.00018706528602818712,
      "training_time_mean": 115.37191041310628,
      "training_time_std": 0.7504436161835644,
      "tokens_per_second_mean": 2219.0049455510743,
      "tokens_per_second_std": 14.444650770116839,
      "n_runs": 3
    },
    "adaptive_sparse": {
      "val_loss_mean": 6.49716329574585,
      "val_loss_std": 0.5989794565459723,
      "val_accuracy_mean": 0.06772486772486773,
      "val_accuracy_std": 0.09465517336550162,
      "training_time_mean": 127.00327547391255,
      "training_time_std": 1.187502200726645,
      "tokens_per_second_mean": 2015.8711760378483,
      "tokens_per_second_std": 18.730349989251874,
      "n_runs": 3
    }
  },
  "128": {
    "dense": {
      "val_loss_mean": 6.913892428080241,
      "val_loss_std": 0.00041776728252533444,
      "val_accuracy_mean": 0.0009514435695538058,
      "val_accuracy_std": 0.00025833359166705413,
      "training_time_mean": 208.07038180033365,
      "training_time_std": 0.5922160410526571,
      "tokens_per_second_mean": 2460.7257814971927,
      "tokens_per_second_std": 7.012419505787761,
      "n_runs": 3
    },
    "fixed_sparse_25": {
      "val_loss_mean": 6.915805657704671,
      "val_loss_std": 0.011321430811460649,
      "val_accuracy_mean": 0.001837270341207349,
      "val_accuracy_std": 0.0010791918768634204,
      "training_time_mean": 222.52681398391724,
      "training_time_std": 0.8096960649229984,
      "tokens_per_second_mean": 2300.8767249906905,
      "tokens_per_second_std": 8.357449466274643,
      "n_runs": 3
    },
    "fixed_sparse_50": {
      "val_loss_mean": 6.913895924886067,
      "val_loss_std": 0.00045859799635595124,
      "val_accuracy_mean": 0.0010498687664041995,
      "val_accuracy_std": 0.00012275778827998496,
      "training_time_mean": 209.38978807131448,
      "training_time_std": 1.0642163591939462,
      "tokens_per_second_mean": 2445.263443028774,
      "tokens_per_second_std": 12.398006083169332,
      "n_runs": 3
    },
    "fixed_sparse_75": {
      "val_loss_mean": 6.8762559254964195,
      "val_loss_std": 0.052449136256951585,
      "val_accuracy_mean": 0.0015091863517060367,
      "val_accuracy_std": 0.0005350887936450161,
      "training_time_mean": 209.63563887278238,
      "training_time_std": 0.5779391587201514,
      "tokens_per_second_mean": 2442.3514134094007,
      "tokens_per_second_std": 6.746215547373759,
      "n_runs": 3
    },
    "adaptive_sparse": {
      "val_loss_mean": 6.915128151575725,
      "val_loss_std": 0.002602205218841589,
      "val_accuracy_mean": 0.0010170603674540682,
      "val_accuracy_std": 4.63980827550228e-05,
      "training_time_mean": 213.06792640686035,
      "training_time_std": 1.1113744078256118,
      "tokens_per_second_mean": 2403.055023431341,
      "tokens_per_second_std": 12.55289306077313,
      "n_runs": 3
    }
  },
  "256": {
    "dense": {
      "val_loss_mean": 6.9113114674886065,
      "val_loss_std": 0.0005279706366159449,
      "val_accuracy_mean": 0.0012908496732026145,
      "val_accuracy_std": 0.0003404030499346349,
      "training_time_mean": 396.785586754481,
      "training_time_std": 1.8732278117852579,
      "tokens_per_second_mean": 2580.796234035789,
      "tokens_per_second_std": 12.143753992830453,
      "n_runs": 3
    },
    "fixed_sparse_25": {
      "val_loss_mean": 6.91594713528951,
      "val_loss_std": 0.0043996395724838185,
      "val_accuracy_mean": 0.0010784313725490195,
      "val_accuracy_std": 0.00031260010571419923,
      "training_time_mean": 395.77312628428143,
      "training_time_std": 1.3302528057385763,
      "tokens_per_second_mean": 2587.3700973869386,
      "tokens_per_second_std": 8.684302995494948,
      "n_runs": 3
    },
    "fixed_sparse_50": {
      "val_loss_mean": 6.911697244644166,
      "val_loss_std": 0.0012205299320391463,
      "val_accuracy_mean": 0.0009640522875816993,
      "val_accuracy_std": 0.0001515297139786879,
      "training_time_mean": 396.0640886624654,
      "training_time_std": 1.2982292361096728,
      "tokens_per_second_mean": 2585.4679973864695,
      "tokens_per_second_std": 8.49322598022974,
      "n_runs": 3
    },
    "fixed_sparse_75": {
      "val_loss_mean": 6.911642980575562,
      "val_loss_std": 0.0008287994212268494,
      "val_accuracy_mean": 0.000866013071895425,
      "val_accuracy_std": 2.3108064744658405e-05,
      "training_time_mean": 399.56242450078327,
      "training_time_std": 0.2859699752001576,
      "tokens_per_second_mean": 2562.804863040156,
      "tokens_per_second_std": 1.8344540722565188,
      "n_runs": 3
    },
    "adaptive_sparse": {
      "val_loss_mean": 6.911298243204752,
      "val_loss_std": 0.0005691616692346728,
      "val_accuracy_mean": 0.0009640522875816993,
      "val_accuracy_std": 2.3108064744658405e-05,
      "training_time_mean": 397.0409972667694,
      "training_time_std": 1.2414691474276425,
      "tokens_per_second_mean": 2579.103939764683,
      "tokens_per_second_std": 8.055227834903883,
      "n_runs": 3
    }
  }
}