{
  "train_loss": [
    467.360107421875,
    12.140119552612305,
    10.05687427520752,
    8.776252746582031,
    7.705163478851318
  ],
  "val_loss": [
    110.77176396608066,
    9.503633772938617,
    8.249432195273085,
    7.717304993596094,
    6.927630703277649
  ],
  "val_accuracy": [
    0.024640631282669884,
    0.07943415133695216,
    0.06087357383393647,
    0.0950575806694813,
    0.11094174080217128
  ],
  "steps": [
    0,
    100,
    200,
    300,
    400
  ],
  "time_per_step": [
    0.10063791275024414,
    0.08539700508117676,
    0.08567643165588379,
    0.0805964469909668,
    0.08293294906616211,
    0.08511018753051758,
    0.08169198036193848,
    0.07991695404052734,
    0.07785558700561523,
    0.07801461219787598,
    0.07627749443054199,
    0.07591509819030762,
    0.0760500431060791,
    0.09038376808166504,
    0.09014391899108887,
    0.08826708793640137,
    0.08778262138366699,
    0.08809041976928711,
    0.08582496643066406,
    0.08567547798156738,
    0.08532571792602539,
    0.08551430702209473,
    0.08547639846801758,
    0.08751988410949707,
    0.087890625,
    0.08788394927978516,
    0.08610153198242188,
    0.08772397041320801,
    0.08768868446350098,
    0.08985233306884766,
    0.08979940414428711,
    0.0899803638458252,
    0.0899348258972168,
    0.08981800079345703,
    0.08980488777160645,
    0.08980274200439453,
    0.08959269523620605,
    0.08986353874206543,
    0.08992552757263184,
    0.08984899520874023,
    0.09006214141845703,
    0.09026455879211426,
    0.09034872055053711,
    0.08969521522521973,
    0.09062600135803223,
    0.09007573127746582,
    0.09012246131896973,
    0.09001779556274414,
    0.08788824081420898,
    0.08788323402404785,
    0.08565092086791992,
    0.08961033821105957,
    0.08806467056274414,
    0.0879974365234375,
    0.08666133880615234,
    0.08566093444824219,
    0.08562827110290527,
    0.08556771278381348,
    0.08558773994445801,
    0.08559656143188477,
    0.08549118041992188,
    0.08549284934997559,
    0.08561396598815918,
    0.08574342727661133,
    0.08559632301330566,
    0.08565187454223633,
    0.0858914852142334,
    0.08536958694458008,
    0.08559513092041016,
    0.08552002906799316,
    0.08594155311584473,
    0.08571124076843262,
    0.08595824241638184,
    0.08533763885498047,
    0.08061504364013672,
    0.08552098274230957,
    0.07912492752075195,
    0.08090472221374512,
    0.0849599838256836,
    0.08521723747253418,
    0.08544039726257324,
    0.08560299873352051,
    0.08565068244934082,
    0.08087706565856934,
    0.08312129974365234,
    0.08500123023986816,
    0.08534717559814453,
    0.08543539047241211,
    0.0856473445892334,
    0.08583855628967285,
    0.08546996116638184,
    0.08525776863098145,
    0.08548974990844727,
    0.08521699905395508,
    0.0855259895324707,
    0.08552694320678711,
    0.08150148391723633,
    0.08544707298278809,
    0.0855875015258789,
    0.0832674503326416,
    0.08519935607910156,
    0.07018136978149414,
    0.07199740409851074,
    0.0726323127746582,
    0.07269787788391113,
    0.07285594940185547,
    0.0720372200012207,
    0.06882333755493164,
    0.07251715660095215,
    0.07201266288757324,
    0.07397079467773438,
    0.07278680801391602,
    0.08555173873901367,
    0.08559894561767578,
    0.08783411979675293,
    0.08614969253540039,
    0.08320736885070801,
    0.08615803718566895,
    0.08759188652038574,
    0.08596968650817871,
    0.07214689254760742,
    0.07866883277893066,
    0.08775568008422852,
    0.08617258071899414,
    0.08599042892456055,
    0.08849644660949707,
    0.08653116226196289,
    0.08605527877807617,
    0.0852961540222168,
    0.08624815940856934,
    0.08713650703430176,
    0.08678364753723145,
    0.08599305152893066,
    0.08566999435424805,
    0.08526349067687988,
    0.08356308937072754,
    0.08739733695983887,
    0.08995819091796875,
    0.08367180824279785,
    0.0881040096282959,
    0.08557987213134766,
    0.08585119247436523,
    0.08729004859924316,
    0.08582448959350586,
    0.08539366722106934,
    0.08770251274108887,
    0.08548498153686523,
    0.08546781539916992,
    0.0875244140625,
    0.08558464050292969,
    0.08565592765808105,
    0.08536529541015625,
    0.08521199226379395,
    0.08601999282836914,
    0.08378219604492188,
    0.08896493911743164,
    0.10757732391357422,
    0.08655786514282227,
    0.08285093307495117,
    0.07841777801513672,
    0.08800077438354492,
    0.0886983871459961,
    0.08599495887756348,
    0.08581924438476562,
    0.08561921119689941,
    0.08591151237487793,
    0.08789944648742676,
    0.08804512023925781,
    0.0898141860961914,
    0.08775448799133301,
    0.08623456954956055,
    0.0873262882232666,
    0.08785319328308105,
    0.08560323715209961,
    0.08986139297485352,
    0.09044361114501953,
    0.09124755859375,
    0.08831548690795898,
    0.09250688552856445,
    0.09203720092773438,
    0.0876929759979248,
    0.0906991958618164,
    0.09096789360046387,
    0.08782482147216797,
    0.08764314651489258,
    0.0882880687713623,
    0.08758306503295898,
    0.08767533302307129,
    0.08980607986450195,
    0.0899510383605957,
    0.08808732032775879,
    0.08798861503601074,
    0.08946347236633301,
    0.09025073051452637,
    0.08986091613769531,
    0.09009170532226562,
    0.09001731872558594,
    0.08805227279663086,
    0.0890047550201416,
    0.09024834632873535,
    0.09021449089050293,
    0.07232236862182617,
    0.07571864128112793,
    0.07561564445495605,
    0.07457518577575684,
    0.07527303695678711,
    0.07568740844726562,
    0.07704305648803711,
    0.07742667198181152,
    0.07394909858703613,
    0.07703948020935059,
    0.07844400405883789,
    0.0926508903503418,
    0.09287095069885254,
    0.0933539867401123,
    0.09346961975097656,
    0.09269213676452637,
    0.09064245223999023,
    0.09221339225769043,
    0.09296774864196777,
    0.09269475936889648,
    0.09297704696655273,
    0.09036517143249512,
    0.09277009963989258,
    0.09262990951538086,
    0.09328794479370117,
    0.09271407127380371,
    0.09047365188598633,
    0.0906686782836914,
    0.09238338470458984,
    0.09292340278625488,
    0.092498779296875,
    0.09302926063537598,
    0.0954136848449707,
    0.09043192863464355,
    0.09268760681152344,
    0.09213542938232422,
    0.09239768981933594,
    0.09253573417663574,
    0.09220004081726074,
    0.09022879600524902,
    0.08999276161193848,
    0.0922553539276123,
    0.09053897857666016,
    0.09021711349487305,
    0.08992409706115723,
    0.09194231033325195,
    0.09062504768371582,
    0.09246945381164551,
    0.09027576446533203,
    0.09086203575134277,
    0.09332084655761719,
    0.08844804763793945,
    0.09209489822387695,
    0.0906069278717041,
    0.08816981315612793,
    0.09051656723022461,
    0.08789801597595215,
    0.08809685707092285,
    0.09089970588684082,
    0.09351134300231934,
    0.08271050453186035,
    0.08790969848632812,
    0.08965611457824707,
    0.09052133560180664,
    0.09051728248596191,
    0.09257245063781738,
    0.0903170108795166,
    0.08822011947631836,
    0.09218358993530273,
    0.0912470817565918,
    0.0900571346282959,
    0.09060788154602051,
    0.0886068344116211,
    0.09015679359436035,
    0.08994817733764648,
    0.0902242660522461,
    0.09041905403137207,
    0.09032702445983887,
    0.08823204040527344,
    0.0881965160369873,
    0.09070587158203125,
    0.0946347713470459,
    0.08907341957092285,
    0.09225845336914062,
    0.09069585800170898,
    0.09054851531982422,
    0.09054207801818848,
    0.09050631523132324,
    0.0882413387298584,
    0.08991551399230957,
    0.0900566577911377,
    0.09034395217895508,
    0.0881655216217041,
    0.09241008758544922,
    0.08749008178710938,
    0.08795452117919922,
    0.0895543098449707,
    0.08784651756286621,
    0.09199714660644531,
    0.09054064750671387,
    0.07412266731262207,
