{
  "completed_experiments": 2,
  "total_experiments": 9,
  "results_so_far": [
    {
      "architecture": "Full DeltaNet",
      "lr": 0.0005,
      "best_val_loss": 7.666369187400721,
      "final_val_loss": 7.666369187400721
    },
    {
      "architecture": "Full DeltaNet",
      "lr": 0.001,
      "best_val_loss": 7.54864789528348,
      "final_val_loss": 7.54864789528348
    }
  ]
}